Keyword,Intent,Volume,Trend,Keyword Difficulty,CPC (USD),Competitive Density,SERP Features,Number of Results
chatwoot,Navigational,1600,"0.22,0.29,0.29,0.36,0.36,0.29,0.29,0.36,0.54,0.36,0.36,1.00",57,7.90,0.07,"Sitelinks, Image, Video, People also ask, Knowledge panel, Related searches",147000
chatwoot docker,Informational,590,"0.24,0.24,0.24,1.00,0.55,0.24,0.24,1.00,0.24,0.24,0.24,0.01",23,0.00,0.03,"Sitelinks, Video, Video carousel, Related searches",105
chatwoot last version easy panel,"Informational, Transactional",390,"1.00,0.00,0.00,0.00,0.00,0.00",25,0.00,0.00,"Sitelinks, Video, Video carousel, People also ask, Related searches",85
chatwoot api,"Navigational, Transactional",170,"0.03,0.05,0.03,0.05,0.36,0.01,0.01,0.01,1.00,0.05,0.01,0.06",14,0.00,0.01,"Sitelinks, Video, Related searches",120000
chatwoot github,Navigational,170,"0.06,0.43,0.65,0.43,0.43,1.00,0.65,0.43,0.34,0.34,0.43,0.53",60,0.00,0.02,"Sitelinks, Video, Related searches",34200
chatwoot login,"Navigational, Transactional",90,"0.02,0.02,0.02,0.02,0.02,0.02,1.00,0.02,0.02,0.02,0.02,0.02",10,0.00,0.33,"Sitelinks, Video, Related searches",34100
chatwoot pricing,"Navigational, Transactional",90,"0.05,0.05,0.05,0.05,0.05,0.05,0.05,1.00,0.05,0.05,1.00,0.05",20,14.59,0.19,"Sitelinks, Video, People also ask, Related searches",79
github chatwoot,,50,"0.04,0.04,0.04,0.04,0.04,0.04,0.04,0.04,0.04,0.04,1.00,0.04",,0.00,0.08,,
chatwoot api rate limit 60 requests per minute,Informational,40,"0.55,0.55,1.00,0.00,0.00,0.00",2,0.00,0.00,"Sitelinks, AI Overview, Related searches",194
chatwoot inc,Navigational,40,"0.28,0.64,0.28,0.14,1.00,0.14,0.14,0.14,0.64,0.14,0.14,0.14",38,0.00,0.33,"Sitelinks, Video, Knowledge panel, Related searches",
whatsapp coexistence chatwoot,"Informational, Transactional",40,"0.80,1.00,0.80,0.80,0.80,0.80,0.60,1.00,1.00,0.00,0.00,0.00",8,0.00,0.00,"Sitelinks, Video, Video carousel, Discussions and forums, Related searches",103
chatwoot alternative,,30,"0.11,0.00,0.00,0.11,0.00,0.11,0.11,0.11,0.00,1.00,0.11,0.41",,8.29,0.66,,
chatwoot api documentation,,30,"0.21,0.21,0.21,0.21,1.00,0.21,0.21,0.21,0.21,0.21,0.21,0.21",,0.00,0.33,,
chatwoot com,,30,"0.11,1.00,0.11,0.11,0.11,0.11,0.11,0.11,0.11,0.11,0.11,0.11",,0.00,0.33,,
chatwoot nextjs,,30,"0.23,0.11,0.00,0.11,1.00,0.11,0.23,0.11,0.11,0.11,0.00,0.11",,0.00,0.00,,
chatwoot rate limit 60 requests per minute,,30,"1.00,0.18,0.09,0.00,0.00,0.00",,0.00,0.00,,
chatwoot sidekiq,,30,"0.00,0.28,0.00,1.00,0.57,0.57,0.28,0.28,0.00,1.00,0.28,0.28",,0.00,0.33,,
chatwoot sms,,30,"0.22,0.44,0.22,0.22,0.77,1.00,0.22,0.22,0.22,0.22,0.22,0.22",,0.00,0.43,,
chatwoot user guide,,30,"0.00,0.00,0.00,0.14,0.28,1.00,1.00,0.14,0.00,0.00,0.00,0.00",,0.00,0.00,,
chatwoot versions,,30,"1.00,0.44,0.00,0.22,0.22,0.22,0.22,0.22,0.22,0.22,0.22,0.22",,0.00,0.05,,
chatwoot vs,,30,"0.40,0.40,0.40,0.40,0.40,0.40,0.40,0.40,0.60,0.40,0.60,1.00",,0.00,0.99,,
n8n nodes chatwoot,,30,"0.00,0.00,0.41,1.00,0.11,0.11,0.11,0.11,0.11,0.00,0.00,0.11",,0.00,0.00,,
suitecrm chatwoot integration,,30,1.00,,0.00,0.00,,
what is chatwoot,,30,"0.18,0.18,0.18,0.18,1.00,0.18,0.00,0.18,0.18,0.18,0.18,0.18",,0.00,0.03,,
api chatwoot,,20,"1.00,1.00,1.00,1.00,1.00,1.00,1.00,1.00,1.00,1.00,1.00,1.00",,0.00,0.33,,
chatwoot agent bot,,20,"1.00,1.00,1.00,0.00,1.00,1.00,1.00,1.00,1.00,0.00,1.00,1.00",,0.00,0.06,,
chatwoot ai,,20,"1.00,1.00,1.00,1.00,1.00,1.00,1.00,1.00,1.00,1.00,1.00,1.00",,8.10,0.33,,
chatwoot alternative open source,,20,"1.00,1.00,1.00,1.00,1.00,1.00,1.00,1.00,1.00,1.00,1.00,1.00",,0.00,0.79,,
chatwoot alternatives,,20,"0.00,0.28,0.28,0.14,0.28,0.71,0.28,0.00,1.00,0.00,0.28,1.00",,8.29,0.66,,
chatwoot api docs,,20,"1.00,1.00,1.00,1.00,1.00,1.00,1.00,1.00,1.00,1.00,1.00,1.00",,0.00,0.33,,
chatwoot api send message,,20,"0.00,0.00,0.00,1.00,1.00,1.00,1.00,1.00,1.00,1.00,1.00,1.00",,0.00,0.33,,
chatwoot app,,20,"1.00,1.00,1.00,1.00,1.00,1.00,1.00,1.00,1.00,1.00,1.00,1.00",,0.00,0.05,,
chatwoot automation,,20,"1.00,1.00,1.00,1.00,1.00,1.00,0.00,1.00,0.00,1.00,1.00,1.00",,0.00,0.33,,
chatwoot aws,,20,"1.00,1.00,1.00,1.00,1.00,1.00,1.00,0.00,1.00,1.00,1.00,1.00",,0.00,0.33,,
chatwoot bot,,20,"1.00,1.00,1.00,1.00,1.00,1.00,1.00,1.00,1.00,1.00,1.00,1.00",,0.00,0.03,,
chatwoot campaigns,,20,"1.00,1.00,1.00,1.00,1.00,1.00,1.00,1.00,0.00,0.00,1.00,1.00",,0.00,0.14,,
chatwoot changelog,,20,"1.00,1.00,1.00,1.00,1.00,1.00,1.00,1.00,1.00,1.00,1.00,1.00",,0.00,0.33,,
chatwoot chatbot,,20,"1.00,1.00,1.00,1.00,1.00,1.00,1.00,1.00,1.00,1.00,1.00,1.00",,0.00,0.33,,
chatwoot chatgpt,,20,"1.00,1.00,1.00,1.00,1.00,1.00,1.00,1.00,0.00,0.00,1.00,1.00",,0.00,0.33,,
chatwoot community edition,,20,"1.00,1.00,1.00,1.00,1.00,1.00,1.00,1.00,1.00,1.00,1.00,1.00",,0.00,0.02,,
chatwoot crm,,20,"1.00,1.00,1.00,1.00,1.00,1.00,1.00,1.00,1.00,1.00,1.00,1.00",,0.00,0.43,,
chatwoot crm integration,,20,"0.00,0.00,0.36,1.00,0.18,0.18,0.18,0.00,0.18,0.00,0.18,0.18",,0.00,0.86,,
chatwoot custom attributes,,20,"1.00,1.00,1.00,1.00,1.00,0.00,1.00,1.00,1.00,1.00,1.00,1.00",,0.00,0.33,,
chatwoot demo,,20,"1.00,1.00,1.00,1.00,1.00,1.00,1.00,1.00,1.00,1.00,1.00,1.00",,16.80,0.49,,
chatwoot desktop app,,20,"0.20,0.20,0.59,0.80,1.00,0.39,0.39,0.39,0.39,0.39,0.39,0.39",,0.00,0.29,,
chatwoot dialogflow,,20,"1.00,1.00,1.00,1.00,1.00,1.00,1.00,0.00,1.00,0.00,0.00,1.00",,0.00,0.00,,
chatwoot docker hub,,20,"0.00,1.00,1.00,1.00,1.00,1.00,1.00,1.00,1.00,1.00,1.00,1.00",,0.00,0.33,,
chatwoot docs,,20,"1.00,1.00,1.00,1.00,1.00,1.00,1.00,1.00,1.00,1.00,1.00,1.00",,0.00,0.02,,
chatwoot documentation,,20,"1.00,1.00,1.00,1.00,1.00,1.00,1.00,1.00,1.00,1.00,1.00,1.00",,0.00,0.02,,
chatwoot download,,20,"0.00,1.00,1.00,1.00,1.00,1.00,1.00,1.00,0.00,1.00,1.00,1.00",,0.00,0.33,,
chatwoot email,,20,"1.00,1.00,1.00,1.00,1.00,1.00,1.00,1.00,1.00,1.00,1.00,1.00",,0.00,0.04,,
chatwoot email configuration,,20,"0.00,1.00,1.00,0.00,0.00,1.00,1.00,1.00,1.00,1.00,1.00,1.00",,0.00,0.33,,
chatwoot enterprise,,20,"0.00,1.00,1.00,1.00,1.00,1.00,1.00,1.00,1.00,1.00,1.00,1.00",,0.00,0.33,,
chatwoot evolution api,,20,"1.00,1.00,1.00,1.00,1.00,1.00,1.00,1.00,1.00,1.00,1.00,1.00",,0.00,0.33,,
chatwoot features,,20,"0.00,0.22,1.00,0.22,0.22,0.22,0.22,0.22,0.22,0.00,0.22,0.22",,0.00,0.14,,
chatwoot funding,,20,"1.00,1.00,1.00,1.00,1.00,1.00,1.00,1.00,1.00,0.00,1.00,1.00",,0.00,0.33,,
chatwoot help center,,20,"1.00,1.00,0.00,1.00,1.00,1.00,1.00,1.00,1.00,1.00,1.00,1.00",,0.00,0.33,,
chatwoot hosting,,20,"0.00,0.00,0.00,0.18,1.00,0.18,0.36,0.18,0.18,0.00,0.18,0.18",,7.46,0.52,,
chatwoot icon,,20,"1.00,0.00,0.28,0.28,0.28,0.28,0.28,0.28,0.28,0.28,0.28,0.28",,0.00,0.33,,
chatwoot instagram,,20,"1.00,1.00,1.00,1.00,1.00,1.00,1.00,1.00,1.00,1.00,1.00,1.00",,0.00,0.33,,
chatwoot install,,20,"1.00,1.00,1.00,1.00,1.00,1.00,1.00,1.00,1.00,1.00,1.00,1.00",,0.00,0.33,,
chatwoot install docker,,20,"1.00,0.67,0.67,0.67,0.67,0.00,0.00,0.67,0.67,0.00,0.67,0.67",,0.00,0.33,,
chatwoot installation,,20,"1.00,1.00,1.00,1.00,1.00,1.00,1.00,1.00,1.00,1.00,1.00,1.00",,0.00,0.33,,
chatwoot integration,,20,"0.00,1.00,1.00,1.00,1.00,1.00,1.00,1.00,1.00,1.00,1.00,1.00",,0.00,0.14,,
chatwoot integrations,,20,"1.00,1.00,1.00,1.00,1.00,1.00,1.00,1.00,1.00,1.00,1.00,1.00",,0.00,0.33,,
chatwoot license,,20,"1.00,1.00,1.00,1.00,1.00,1.00,1.00,1.00,1.00,1.00,1.00,1.00",,0.00,0.04,,
chatwoot live chat,,20,"1.00,1.00,1.00,1.00,1.00,1.00,1.00,1.00,1.00,1.00,1.00,1.00",,0.00,0.33,,
chatwoot n8n,,20,"1.00,1.00,1.00,1.00,1.00,1.00,1.00,1.00,1.00,1.00,1.00,1.00",,0.00,0.02,,
chatwoot n8n integration,,20,"1.00,0.00,0.00,0.28,0.28,0.28,0.28,0.00,0.28",,0.00,0.33,,
chatwoot notifications,,20,"0.00,0.11,1.00,0.00,0.33,0.11,0.11,0.55,0.22,0.22,0.22,0.22",,0.00,0.33,,
chatwoot open source,,20,"1.00,1.00,1.00,1.00,1.00,1.00,1.00,1.00,1.00,1.00,1.00,1.00",,13.65,0.33,,
chatwoot open source alternative,,20,"1.00,1.00,1.00,1.00,1.00,0.00,1.00,1.00,0.00,1.00,1.00,1.00",,0.00,0.86,,
chatwoot que es,,20,"0.00,0.00,1.00,0.18,0.18,0.18,0.18,0.18,0.18,0.18,0.18,0.18",,0.00,0.33,,
chatwoot react,,20,"1.00,1.00,1.00,1.00,1.00,1.00,1.00,0.00,1.00,1.00,1.00,1.00",,0.00,0.57,,
chatwoot react native,,20,"1.00,1.00,1.00,1.00,1.00,1.00,1.00,1.00,1.00,1.00,1.00,1.00",,0.00,0.05,,
chatwoot releases,,20,"1.00,1.00,1.00,1.00,1.00,1.00,1.00,1.00,1.00,1.00,1.00,1.00",,0.00,0.33,,
chatwoot remove branding,,20,"0.00,0.00,1.00,1.00,1.00,1.00,1.00,1.00,1.00,0.00,1.00,1.00",,0.00,0.33,,
chatwoot requirements,,20,"0.00,1.00,1.00,1.00,1.00,1.00,1.00,1.00,1.00,1.00,1.00,1.00",,0.00,0.04,,
chatwoot revenue,,20,"1.00,1.00,1.00,1.00,1.00,1.00,1.00,1.00,1.00,1.00,0.00,1.00",,0.00,0.33,,
chatwoot reviews,,20,"1.00,1.00,1.00,1.00,1.00,1.00,1.00,1.00,1.00,1.00,1.00,1.00",,0.00,0.46,,
chatwoot sdk,,20,"1.00,1.00,1.00,1.00,1.00,1.00,1.00,1.00,1.00,1.00,1.00,1.00",,0.00,0.03,,
chatwoot self hosted,,20,"0.50,0.50,1.00,0.50,0.50,0.50,0.50,0.50,0.50,0.50,0.50,0.50",,0.00,0.04,,
chatwoot selfhosted,,20,"1.00,1.00,1.00,1.00,1.00,1.00,1.00,0.00,1.00,1.00,1.00,1.00",,0.00,0.21,,
chatwoot shopify,,20,"1.00,1.00,1.00,1.00,1.00,1.00,1.00,0.00,1.00,1.00,1.00,1.00",,0.00,0.25,,
chatwoot slack,,20,"1.00,1.00,1.00,1.00,1.00,1.00,1.00,1.00,0.00,1.00,1.00,1.00",,0.00,0.11,,
chatwoot sso,,20,"1.00,1.00,1.00,1.00,1.00,1.00,1.00,1.00,1.00,1.00,1.00,1.00",,0.00,0.33,,
chatwoot telegram,,20,"1.00,1.00,1.00,1.00,1.00,1.00,1.00,1.00,1.00,1.00,1.00,1.00",,0.00,0.33,,
chatwoot twilio,,20,"1.00,1.00,1.00,1.00,1.00,1.00,1.00,1.00,1.00,1.00,1.00,1.00",,0.00,0.33,,
chatwoot update,,20,"1.00,1.00,1.00,1.00,1.00,1.00,1.00,1.00,1.00,1.00,0.00,1.00",,0.00,0.00,,
chatwoot upgrade,,20,"1.00,1.00,1.00,1.00,1.00,1.00,1.00,1.00,1.00,1.00,1.00,1.00",,0.00,0.33,,
chatwoot version,,20,"0.66,0.66,0.66,0.66,0.66,0.66,0.66,0.66,0.66,1.00,0.66,0.66",,0.00,0.33,,
chatwoot voip,,20,"1.00,1.00,1.00,1.00,1.00,1.00,0.00,0.00,1.00,1.00,0.00,1.00",,0.00,0.00,,
chatwoot vs intercom,,20,"1.00,1.00,1.00,1.00,1.00,1.00,1.00,1.00,1.00,1.00,1.00,1.00",,0.00,0.48,,
chatwoot vs rocketchat,,20,"1.00,1.00,1.00,1.00,1.00,1.00,1.00,1.00,1.00,1.00,0.00,1.00",,0.00,0.33,,
chatwoot webhooks,,20,"0.00,1.00,1.00,1.00,1.00,1.00,1.00,1.00,1.00,1.00,1.00,1.00",,0.00,0.33,,
chatwoot whatsapp,,20,"1.00,1.00,1.00,1.00,1.00,1.00,1.00,1.00,1.00,1.00,1.00,1.00",,0.00,0.14,,
chatwoot white label,,20,"1.00,1.00,1.00,1.00,1.00,1.00,1.00,1.00,1.00,0.00,1.00,1.00",,0.00,0.05,,
chatwoot whmcs,,20,"1.00,1.00,1.00,1.00,0.00,1.00,1.00,1.00,0.00,0.00,1.00,1.00",,0.00,0.33,,
chatwoot widget,,20,"1.00,1.00,1.00,1.00,1.00,1.00,1.00,1.00,1.00,1.00,1.00,1.00",,0.00,0.33,,
chatwoot wordpress,,20,"1.00,1.00,1.00,1.00,0.50,1.00,1.00,1.00,1.00,1.00,1.00,1.00",,0.00,0.11,,
chatwoot.com,,20,"0.27,0.00,0.00,0.27,0.12,1.00,0.71,0.41,0.00,0.00,0.12,0.12",,0.00,0.33,,
docker hub chatwoot,,20,"0.00,0.00,1.00,1.00,1.00,1.00,1.00,0.00,1.00,1.00,1.00,1.00",,0.00,0.33,,
evolution api chatwoot,,20,"1.00,1.00,0.00,1.00,1.00,1.00,1.00,1.00,0.00,1.00,1.00,1.00",,0.00,0.33,,
install chatwoot,,20,"1.00,1.00,1.00,1.00,1.00,1.00,1.00,1.00,1.00,1.00,1.00,1.00",,0.00,0.29,,
is chatwoot free,,20,"1.00,1.00,1.00,1.00,1.00,1.00,1.00,1.00,1.00,1.00,1.00,1.00",,0.00,0.33,,
n8n chatwoot,,20,"1.00,1.00,1.00,1.00,1.00,1.00,1.00,1.00,1.00,1.00,1.00,1.00",,0.00,0.33,,
n8n chatwoot integration,,20,"0.00,0.00,0.00,0.00,0.00,0.18,1.00,0.18,0.18,0.00,0.00,0.00",,0.00,0.00,,
send message chatwoot,,20,"0.00,0.00,0.00,0.00,0.00,0.00,0.18,0.18,0.00,0.18,1.00,0.18",,0.00,0.99,,
suitecrm integration with chatwoot,,20,1.00,,0.00,0.00,,
update chatwoot,,20,"1.00,1.00,1.00,1.00,1.00,1.00,0.00,1.00,0.00,1.00,1.00,1.00",,0.00,0.33,,
chatwoot api inbox,,10,"0.00,0.00,1.00,1.00,1.00,1.00,1.00,0.00,1.00,0.00,1.00,1.00",,0.00,0.33,,
chatwoot apk,,10,"1.00,0.00,1.00,0.00,0.00,1.00,1.00,1.00,1.00,0.00,0.00,1.00",,0.00,0.00,,
chatwoot cloud,,10,"0.00,0.00,0.00,1.00,0.33,0.00,0.33,0.00,0.00,0.00,0.00,0.66",,0.00,0.66,,
chatwoot development,,10,"1.00,1.00,1.00,1.00,1.00,0.00,1.00,0.00,0.00,1.00,0.00,1.00",,0.00,0.00,,
chatwoot digitalocean,,10,"1.00,0.00,0.00,1.00,0.00,1.00,0.00,1.00,1.00,1.00,1.00,1.00",,0.00,0.33,,
chatwoot facebook,,10,"1.00,1.00,1.00,1.00,0.00,0.00,1.00,0.00,0.00,1.00,1.00,1.00",,0.00,0.33,,
chatwoot fork,,10,"0.00,0.00,0.00,0.00,0.00,1.00,0.00,0.00,1.00,1.00,1.00,1.00",,0.00,0.14,,
chatwoot install ubuntu,,10,"0.00,0.00,1.00,0.00,0.00,0.00,1.00,0.00,1.00,0.00,0.00,0.00",,0.00,0.00,,
chatwoot integration with openai assistants api,,10,1.00,,0.00,0.00,,
chatwoot interactive messages,,10,"0.00,1.00,1.00,1.00,0.00,0.00,0.00,1.00,1.00,0.00,0.00,1.00",,0.00,0.33,,
chatwoot js sdk,,10,"0.00,1.00,0.00,1.00,1.00,1.00,0.00,1.00,1.00,0.00,1.00,1.00",,0.00,0.33,,
chatwoot knowledge base,,10,"0.20,0.20,0.20,0.20,0.20,0.20,1.00,0.40,0.20,0.40,0.00,0.40",,0.00,0.00,,
chatwoot multi tenancy,,10,"0.50,0.50,0.50,1.00,0.00,1.00,1.00,1.00,1.00,1.00,0.00,1.00",,0.00,0.00,,
chatwoot nestor,,10,"1.00,1.00,1.00,0.00,0.00,1.00,0.00,1.00,0.00,0.00,0.00,0.00",,0.00,0.33,,
chatwoot nginx,,10,"1.00,1.00,1.00,1.00,0.00,1.00,0.00,0.00,1.00,0.00,1.00,1.00",,0.00,0.33,,
chatwoot olitt,,10,"1.00,0.00",,0.00,0.00,,
chatwoot openai,,10,"0.50,0.50,0.50,0.50,0.50,0.00,0.50,0.50,1.00,0.00,0.00,0.00",,0.00,0.00,,
chatwoot plans,,10,"0.00,0.00,0.00,1.00,1.00,1.00,1.00,1.00,1.00,0.00,0.00,1.00",,0.00,0.00,,
chatwoot port,,10,"0.00,1.00,0.00,1.00,1.00,1.00,1.00,1.00,0.00,0.00,0.00,1.00",,0.00,0.00,,
chatwoot postman,,10,"1.00,0.00,0.00,0.00,1.00,0.00,0.00,0.00,0.00,0.00,1.00,0.00",,0.00,0.14,,
chatwoot rasa,,10,"1.00,0.00,1.00,1.00,0.00,1.00,0.00,0.00,0.00,1.00,0.00,1.00",,0.00,0.00,,
chatwoot rate limiting 60 requests per minute,,10,"0.33,1.00,0.66,0.00,0.00,0.00",,0.00,0.00,,
chatwoot review,,10,"0.00,0.00,0.00,0.00,0.00,1.00,1.00,1.00,1.00,1.00,1.00,1.00",,0.00,0.33,,
chatwoot saas,,10,"1.00,1.00,0.00,0.00,0.00,1.00,1.00,1.00,0.00,1.00,0.00,1.00",,0.00,0.00,,
chatwoot send message api,,10,"0.00,1.00,0.00,1.00,0.00,1.00,1.00,1.00,0.00,0.00,1.00,1.00",,0.00,0.43,,
chatwoot ticketing,,10,"1.00,1.00,1.00,1.00,0.00,1.00,1.00,0.00,1.00,0.00,0.00,1.00",,0.00,0.00,,
chatwoot typebot,,10,"1.00,0.00,1.00,1.00,0.00,0.00,0.00,0.00,0.00,1.00,1.00,0.00",,0.00,0.33,,
chatwoot voice,,10,"0.00,0.00,0.00,0.00,0.00,1.00,1.00,1.00,1.00,1.00,1.00,1.00",,0.00,0.19,,
chatwoot web widget,,10,"0.00,0.00,0.00,0.00,0.00,0.00,1.00,1.00,1.00,1.00,1.00,1.00",,0.00,0.14,,
chatwoot webhook,,10,"1.00,0.00,0.00,1.00,1.00,0.00,0.00,0.00,0.00,0.00,0.00,0.00",,0.00,0.33,,
chatwoot whatsapp campaign,,10,"0.00,0.00,0.00,0.00,1.00,0.00,1.00,0.00,1.00,0.00,1.00,1.00",,0.00,0.33,,
chatwoot whatsapp web,,10,"0.00,0.00,0.00,1.00,0.00,0.00,1.00,1.00,0.00,0.00,0.00,0.00",,0.00,0.00,,
n8n chatwoot node,,10,"0.00,0.00,0.00,0.00,0.66,0.66,0.66,0.66,0.66,1.00,0.66,0.66",,0.00,0.33,,
postman chatwoot,,10,"1.00,0.00,0.00,1.00,0.00,0.00,0.00,0.00,0.00,0.00,0.00,1.00",,0.00,0.33,,
restart chatwoot,,10,"1.00,0.00,0.00,1.00,1.00,0.00,1.00,1.00,0.00,0.00,0.00,0.00",,0.00,0.00,,
typebot chatwoot,,10,"1.00,0.00,1.00,0.00,1.00,0.00,1.00,1.00,1.00,0.00,0.00,1.00",,0.00,0.33,,
upgrade chatwoot,,10,"0.00,1.00,1.00,0.00,0.00,1.00,0.00,1.00,0.00,0.00,1.00,1.00",,0.00,0.33,,
webhook chatwoot,,10,"0.00,0.00,0.00,0.00,0.00,0.00,0.00,1.00,0.00,1.00,0.00,1.00",,0.00,0.00,,
zapier chatwoot integration,,10,1.00,,0.00,0.00,,
api channel chatwoot,,0,"0.00,0.00,0.00,0.00,0.00,0.00,0.00,0.00,0.00,0.00,0.00,0.00",,0.00,0.00,,
app chatwoot com rate limit api,,0,0.00,,0.00,0.00,,
app.chatwoot.com rate limit api,,0,"0.00,0.00,0.00,0.00",,0.00,0.00,,
auto away disable on chatwoot,,0,"0.00,0.00,0.00,0.00,0.00,0.00,0.00,0.00,0.00,0.00,0.00,0.00",,0.00,0.00,,
auto messages for chatwoot,,0,"0.00,0.00,0.00,0.00,0.00,0.00,0.00,0.00,0.00,0.00,0.00,0.00",,0.00,0.00,,
backup chatwoot,,0,"0.00,0.00,0.00,0.00,0.00,1.00,0.00,0.00,0.00,0.00,1.00,0.00",,0.00,0.14,,
botpress chatwoot,,0,"0.00,0.00,0.00,0.00,0.00,0.00,0.00,0.00,0.00,0.00,0.00,0.00",,0.00,0.33,,
can i create chatbot chatwoot,,0,"0.00,0.00,0.00,0.00,0.00,0.00,0.00,0.00,0.00,0.00,0.00,0.00",,0.00,0.00,,
can i remove chatwoot branding,,0,"0.00,0.00,0.00,0.00,0.00,0.00,0.00,0.00,0.00,0.00,0.00,0.00",,0.00,0.00,,
chatwoot + n8n,,0,"0.00,0.00,0.00,0.00,0.00,0.00,0.00",,0.00,0.00,,
chatwoot ai assistant openai integration,,0,"0.00,0.00,0.00,0.00,0.00",,0.00,0.00,,
chatwoot alternative github,,0,"0.00,0.00,0.00,0.00,0.00",,0.00,0.00,,
chatwoot alternative open source android,,0,"0.00,0.00,0.00,0.00,0.00,0.00,0.00",,0.00,0.00,,
chatwoot alternatives open source,,0,"0.00,0.00,1.00,0.00,0.00,0.00,0.00,0.00,0.00,0.00,0.00,0.00",,0.00,0.00,,
chatwoot alternatives whatsapp,,0,"1.00,0.00,0.00,0.00,0.00,0.00,0.00,0.00,0.00,0.00",,0.00,0.00,,
chatwoot api conversation object fields,,0,0.00,,0.00,0.00,,
chatwoot api conversations endpoint,,0,0.00,,0.00,0.00,,
chatwoot api create contact,,0,"0.00,0.00,0.00,0.00,0.00,0.00,0.00,0.00,0.00",,0.00,0.00,,
chatwoot api create conversation,,0,0.00,,0.00,0.00,,
chatwoot api create conversation message,,0,0.00,,0.00,0.00,,
chatwoot api endpoint for conversation messages,,0,0.00,,0.00,0.00,,
chatwoot api example,,0,"0.00,0.00,0.00,0.00,0.00,0.00,0.00,0.00,0.00,0.00,0.00,0.00",,0.00,0.00,,
chatwoot api oficial whatsapp,,0,"0.00,0.00,0.00,0.00",,0.00,0.00,,
chatwoot api postman,,0,"1.00,1.00,0.00,0.00,0.00,0.00,0.00,0.00,0.00,0.00,0.00,0.00",,0.00,0.00,,
chatwoot api rate limit,,0,"0.00,1.00,0.00,0.00,0.00",,0.00,0.00,,
chatwoot api rate limit 60 rpm,,0,"1.00,0.00,0.00,0.00",,0.00,0.00,,
chatwoot api rate limiting,,0,"0.00,0.00,0.00,0.00,0.00,0.00",,0.00,0.00,,
chatwoot architecture diagram,,0,"0.00,0.00,0.00,0.00",,0.00,0.00,,
chatwoot atualizar telefone,,0,"1.00,0.00,0.00,0.00,0.00,0.00",,0.00,0.00,,
chatwoot botpress,,0,"0.00,0.00,0.00,0.00,0.00,0.00,0.00,0.00,0.00,0.00,0.00,0.00",,0.00,1.00,,
chatwoot captain,,0,"1.00,0.00,0.00,0.00,0.00,0.00,0.00,0.00,0.00,0.00,0.00,1.00",,0.00,0.04,,
chatwoot captain pricing,,0,"1.00,0.00,0.00,0.00,0.00",,0.00,0.00,,
chatwoot career,,0,"0.00,0.00,0.00,0.00,0.00,0.00,0.00,0.00,0.00,0.00,0.00,0.00",,0.00,0.00,,
chatwoot careers,,0,"0.00,0.00,0.00,0.00,0.00,0.50,0.50,0.00,0.00,0.00,0.00,1.00",,0.00,0.33,,
chatwoot change language custom widget,,0,"0.00,0.00,0.00,0.00,0.00,0.00,0.00,0.00,0.00,0.00,0.00,0.00",,0.00,0.00,,
chatwoot como funciona,,0,"0.00,0.00",,0.00,0.00,,
chatwoot contabo docker image,,0,"0.00,0.00,0.00,0.00,0.00,0.00,0.00,0.00,0.00,0.00,0.00,0.00",,0.00,0.00,,
chatwoot conversation labels api,,0,0.00,,0.00,0.00,,
chatwoot conversation object fields api,,0,0.00,,0.00,0.00,,
chatwoot crm features,,0,"0.00,0.00,0.00,0.00,0.00,0.00",,0.00,0.00,,
chatwoot crunchbase,,0,"0.00,0.00,0.00,0.00,0.00,0.00,0.00,0.00,0.00,0.00,0.00,0.00",,0.00,0.00,,
chatwoot custom font for widget,,0,"0.00,0.00,0.00,0.00,0.00,0.00,0.00,0.00,0.00,0.00,0.00,0.00",,0.00,0.00,,
chatwoot dashboard,,0,"0.00,0.00,0.00,0.00,0.00,0.00,0.00,0.00,0.00,0.00,0.00,0.00",,0.00,0.00,,
chatwoot docker instl,,0,"1.00,0.00,0.00,0.00,0.00,0.00,0.00,0.00,0.00,0.00,0.00,0.00",,0.00,0.00,,
chatwoot email integration,,0,"0.00,0.00,0.00,0.00,0.00,0.00,0.00,0.00,0.00",,0.00,0.00,,
chatwoot enterprise edition price,,0,"0.00,0.00,0.00,0.00,0.00,0.00,0.00,0.00,0.00,0.00,0.00,0.00",,0.00,0.00,,
chatwoot evolution api integration,,0,0.00,,0.00,0.00,,
chatwoot for macos,,0,"0.00,0.00,0.00,0.00,0.00,0.00,0.00,0.00,0.00,0.00,0.00,0.00",,0.00,0.00,,
chatwoot freelancer,,0,"0.00,0.00,0.00,0.00,0.00,0.00,0.00,0.00,0.00,0.00,0.00,0.00",,0.00,0.00,,
chatwoot gemfile ruby version,,0,"0.00,0.00,0.00,0.00",,0.00,0.00,,
chatwoot git,,0,"0.00,0.00,0.00,0.00,0.00,0.00,0.00,0.00,0.00,0.00,0.00,0.00",,0.00,0.01,,
chatwoot in chat questions,,0,"0.00,0.00,0.00,0.00,0.00,0.00,0.00,0.00,0.00,0.00,0.00,0.00",,0.00,0.00,,
chatwoot installation aws unbuntu,,0,"0.00,0.00,0.00,0.00,0.00,0.00,0.00,0.00,0.00,0.00,0.00,0.00",,0.00,0.00,,
chatwoot kb modification,,0,"0.00,0.00,0.00,0.00,0.00,0.00,0.00,0.00,0.00,0.00,0.00,0.00",,0.00,0.00,,
chatwoot language file github,,0,"0.00,0.00,0.00,0.00,0.00,0.00,0.00,0.00,0.00,0.00,0.00,0.00",,0.00,0.00,,
chatwoot license mit open source,,0,"0.00,0.00,0.00,0.00,0.00",,0.00,0.00,,
chatwoot license open source,,0,"0.00,0.00,0.00,0.00,0.00,0.00,0.00,0.00,0.00",,0.00,0.00,,
chatwoot line integration,,0,0.00,,0.00,0.00,,
chatwoot live demo,,0,"0.00,0.00,0.00,0.00,0.00,0.00",,0.00,0.00,,
chatwoot log,,0,"0.00,0.00,0.00,0.00,0.00,0.00,0.00,0.00,0.00,0.00,0.00,0.00",,0.00,0.00,,
chatwoot messages api,,0,0.00,,0.00,0.00,,
chatwoot multi tenant,,0,"0.00,0.00,0.00,0.00,0.00,0.00",,0.00,0.00,,
chatwoot multi-tenant architecture,,0,"0.00,0.00,0.00,0.00,0.00",,0.00,0.00,,
chatwoot multiple twilio numbers at once,,0,"0.00,0.00,0.00,0.00,0.00,0.00,0.00,0.00,0.00,0.00,0.00,0.00",,0.00,0.00,,
chatwoot nestor update,,0,"1.00,0.00,0.00,0.00,0.00,0.00,0.00,0.00,0.00,0.00,0.00,0.00",,0.00,0.00,,
chatwoot news 2025 november,,0,"0.00,0.00,0.00",,0.00,0.00,,
chatwoot não envia email,,0,"0.00,0.00,0.00,0.00,0.00,0.00,0.00,0.00,0.00",,0.00,0.00,,
chatwoot odoo integration,,0,"0.00,0.00",,0.00,0.00,,
chatwoot open source customer support,,0,"1.00,0.00",,0.00,0.00,,
chatwoot open source features,,0,"0.00,0.00,0.00,0.00,0.00,0.00,0.00,0.00",,0.00,0.00,,
chatwoot open source license,,0,"0.00,1.00,0.00,0.00,0.00,0.00,0.00,0.00,0.00,0.00",,0.00,0.00,,
chatwoot open source license mit,,0,"0.00,0.00,0.00,0.00,0.00,0.00",,0.00,0.00,,
chatwoot open-source,,0,"0.00,1.00,0.00,0.00,0.00,0.00,0.00,0.00,0.00,0.00,0.00,0.00",,0.00,0.26,,
chatwoot openai assistants api integration,,0,0.00,,0.00,0.00,,
chatwoot openai integration,,0,0.00,,0.00,0.00,,
chatwoot openai integration webhook,,0,0.00,,0.00,0.00,,
chatwoot opensource,,0,"0.00,0.00,0.00,0.00,0.00,0.00,0.00,0.00,0.00,0.00,0.00,0.00",,0.00,0.19,,
chatwoot overview,,0,"0.00,0.00,0.00,0.00,0.00,0.00,0.00,0.00,0.00",,0.00,0.00,,
chatwoot preço,,0,"0.00,0.00,0.00",,0.00,0.00,,
chatwoot pricing cloud 2025,,0,"0.00,0.00,0.00,0.00",,0.00,0.00,,
chatwoot provider api,,0,"0.00,0.00,0.00,0.00,0.00,0.00,0.00,0.00,0.00,0.00,0.00,0.00",,0.00,0.00,,
chatwoot rate limit api,,0,"0.00,0.00,0.00,0.00,0.00,0.00",,0.00,0.00,,
chatwoot rate limit rack attack default limits,,0,0.00,,0.00,0.00,,
chatwoot rate limit rack::attack default limits,,0,"0.00,0.00,0.00,0.00",,0.00,0.00,,
chatwoot rate limiting rack attack,,0,0.00,,0.00,0.00,,
chatwoot rate limiting rack::attack,,0,"0.00,0.00,0.00,0.00",,0.00,0.00,,
chatwoot release 2025 november,,0,"0.00,0.00,0.00",,0.00,0.00,,
chatwoot rest api create message in conversation,,0,0.00,,0.00,0.00,,
chatwoot salesforce integration,,0,"0.00,0.00,0.00,0.00,0.00",,0.00,0.00,,
chatwoot self-hosted,,0,"0.00,0.00,0.00,0.00,0.00,0.00,0.00,0.00,0.00,0.00,0.00,0.00",,0.00,0.04,,
chatwoot self-hosted pricing,,0,"0.00,0.00,0.00,0.00,0.00,0.00",,0.00,0.00,,
chatwoot separate user accounts at once,,0,"0.00,0.00,0.00,0.00,0.00,0.00,0.00,0.00,0.00,0.00,0.00,0.00",,0.00,0.00,,
chatwoot shopify integration,,0,"1.00,0.00,0.00,0.00,0.00,0.00",,0.00,0.00,,
chatwoot smtp configuration guide,,0,"0.00,0.00,0.00,0.00,0.00,0.00,0.00,0.00,0.00,0.00,0.00,0.00",,0.00,0.00,,
chatwoot sso saml,,0,"1.00,1.00,0.00,0.00,0.00",,0.00,0.00,,
chatwoot start chat button change,,0,"0.00,0.00,0.00,0.00,0.00,0.00,0.00,0.00,0.00,0.00,0.00,0.00",,0.00,0.00,,
chatwoot system requirements,,0,"0.00,0.00,0.00,0.00,0.00,0.00,0.00,0.00",,0.00,0.00,,
chatwoot twilio webhook format,,0,"0.00,0.00,0.00,0.00,0.00,0.00,0.00,0.00,0.00,0.00,0.00,0.00",,0.00,0.00,,
chatwoot update log,,0,"0.00,0.00,0.00,0.00,0.00,0.00,0.00,0.00,0.00,0.00,0.00,0.00",,0.00,0.00,,
chatwoot v3,,0,"0.00,0.00,0.00,0.00,0.00,0.00,0.00,0.00,0.00,0.00,0.00,0.00",,0.00,0.00,,
chatwoot voip integration,,0,"0.00,0.00,1.00,0.00,0.00,0.00,0.00,0.00",,0.00,0.00,,
chatwoot webhook events documentation,,0,"0.00,0.00,0.00,0.00,0.00",,0.00,0.00,,
chatwoot webhook events list,,0,"1.00,0.00,0.00,0.00,0.00,0.00",,0.00,0.00,,
chatwoot webhook security signature,,0,"1.00,0.00",,0.00,0.00,,
chatwoot webhooks events,,0,"0.00,0.00,0.00,0.00,0.00,0.00,0.00",,0.00,0.00,,
chatwoot webhooks events list,,0,"0.00,0.00,0.00,0.00,0.00",,0.00,0.00,,
chatwoot what is chatwoot,,0,"0.00,0.00,0.00,0.00,0.00,0.00,0.00",,0.00,0.00,,
chatwoot whitelabel,,0,"0.00,0.00,0.00,0.00,0.00,0.00,0.00,0.00,0.00,0.00,0.00,0.00",,0.00,0.05,,
chatwoot whmcs module,,0,"0.00,0.00,0.00,0.00,0.00,0.00,0.00,0.00,0.00,0.00,0.00,0.00",,0.00,0.00,,
chatwoot whmcs ticket connect,,0,"0.00,0.00,0.00,0.00,0.00,0.00,0.00,0.00,0.00,0.00,0.00,0.00",,0.00,0.00,,
chatwoot widget skins for sale,,0,"0.00,0.00,0.00,0.00,0.00,0.00,0.00,0.00,0.00,0.00,0.00,0.00",,0.00,0.00,,
chatwoot with n8n,,0,"0.00,0.00,0.00",,0.00,0.00,,
chatwoot with unofficial whatsapp api,,0,"1.00,0.00,0.00,0.00,0.00,0.00",,0.00,0.00,,
chatwoot woocommerce,,0,"0.00,0.00,0.00,0.00,0.00,0.00,0.00,0.00,0.00,0.00,0.00,0.00",,0.00,0.00,,
chatwoot wppconnect,,0,"0.00,0.00,0.00,0.00,0.00,0.00,0.00,0.00,0.00,0.00,0.00,0.00",,0.00,0.00,,
chatwoot локальный запуск,,0,"1.00,0.00,0.00",,0.00,0.00,,
chatwoot 竞品,,0,"1.00,0.00,0.00,0.00,0.00,0.00",,0.00,0.00,,
chatwoot-inc,,0,"0.00,0.00,0.00,0.00,0.00,1.00,1.00,0.00,0.00,0.00,0.00,0.00",,0.00,0.33,,
configure email for chatwoot self hosted,,0,"0.00,0.00,0.00,0.00,0.00,0.00,0.00,0.00,0.00,0.00,0.00,0.00",,0.00,0.00,,
connect to postgres chatwoot,,0,"0.00,0.00,0.00,0.00,0.00,0.00,0.00,0.00,0.00,0.00,0.00,0.00",,0.00,0.00,,
crear un boton en chatwoot,,0,"0.00,0.00,0.00,0.00,0.00,0.00,0.00,0.00,0.00,0.00,0.00,0.00",,0.00,0.00,,
create chatboy om chatwoot,,0,"0.00,0.00,0.00,0.00,0.00,0.00,0.00,0.00,0.00,0.00,0.00,0.00",,0.00,0.00,,
create chatboy on chatwoot,,0,"0.00,0.00,0.00,0.00,0.00,0.00,0.00,0.00,0.00,0.00,0.00,0.00",,0.00,0.00,,
creating chatwoot admin,,0,"0.00,0.00,0.00,0.00,0.00,0.00,0.00,0.00,0.00,0.00,0.00,0.00",,0.00,0.00,,
custom attribute chatwoot,,0,"0.00,0.00,0.00,0.00,0.00,0.00,0.00,0.00,0.00,0.00,0.00,0.00",,0.00,0.00,,
custom chatwoot development,,0,"0.00,0.00,0.00,0.00,0.00,0.00,0.00,0.00,0.00,0.00,0.00",,0.00,0.00,,
custom chatwoot development services,,0,"1.00,0.00,0.00,0.00,0.00,0.00,0.00,0.00,0.00,0.00,0.00",,0.00,0.00,,
custom chatwoot solutions,,0,"0.00,0.00,0.00,0.00,0.00,0.00,0.00,0.00,0.00,0.00,0.00,0.00",,0.00,0.00,,
docker compose chatwoot,,0,"1.00,0.00,0.00,0.00,0.00,0.00",,0.00,0.00,,
docker compose production yaml chatwoot,,0,"0.00,0.00,0.00,0.00,0.00,0.00,0.00,0.00,0.00,0.00,0.00,0.00",,0.00,0.00,,
download conversations chatwoot,,0,"0.00,0.00,0.00,0.00,0.00,0.00,0.00,0.00,0.00,0.00,0.00,0.00",,0.00,0.00,,
dyte chatwoot,,0,"0.00,0.00,0.00,0.00,0.00,1.00,0.00,0.00,0.00,0.00,0.00,0.00",,0.00,0.00,,
email setup for chatwoot self hosted,,0,"0.00,0.00,0.00,0.00,0.00,0.00,0.00,0.00,0.00,0.00,0.00,0.00",,0.00,0.00,,
file sending diseppiar on chatwoot,,0,"0.00,0.00,0.00,0.00,0.00,0.00,0.00,0.00,0.00,0.00,0.00,0.00",,0.00,0.00,,
file sending diseppiar on chatwoot admin,,0,"0.00,0.00,0.00,0.00,0.00,0.00,0.00,0.00,0.00,0.00,0.00,0.00",,0.00,0.00,,
helm chatwoot,,0,"0.00,0.00,0.00,0.00,0.00,0.00,0.00,0.00,0.00,0.00,0.00,0.00",,0.00,0.00,,
help center api chatwoot,,0,"0.00,0.00,0.00,0.00,0.00,0.00,0.00,0.00,0.00,0.00,0.00,0.00",,0.00,0.00,,
help center translation chatwoot,,0,"0.00,0.00,0.00,0.00,0.00,0.00,0.00,0.00,0.00,0.00,0.00,0.00",,0.00,0.00,,
how change langauge chatwoot,,0,"0.00,0.00,0.00,0.00,0.00,0.00,0.00,0.00,0.00,0.00,0.00,0.00",,0.00,0.00,,
how to check log chatwoot for create-message,,0,"1.00,0.00,0.00,0.00,0.00,0.00,0.00",,0.00,0.00,,
how to create a chatwoot admin,,0,"0.00,0.00,0.00,0.00,0.00,0.00,0.00,0.00,0.00,0.00,0.00,0.00",,0.00,0.00,,
how to creating chatwoot admin,,0,"0.00,0.00,0.00,0.00,0.00,0.00,0.00,0.00,0.00,0.00,0.00,0.00",,0.00,0.00,,
how to rebrand chatwoot,,0,"0.00,0.00,0.00,0.00,0.00,0.00,0.00,0.00,0.00,0.00,0.00,0.00",,0.00,0.00,,
how to restart chatwoot,,0,"0.00,0.00,0.00,0.00,0.00,0.00,0.00,0.00,0.00,0.00,0.00,0.00",,0.00,0.00,,
how to self host chatwoot,,0,"0.00,0.00,0.00,0.00,0.00,0.00,0.00,0.00,0.00,0.00,0.00,0.00",,0.00,0.00,,
how update chatwoot,,0,"0.00,0.00,0.00,0.00,0.00,0.00,0.00,0.00,0.00,0.00,0.00,0.00",,0.00,0.00,,
i edit langauge on chatwoot and didnt change,,0,"0.00,0.00,0.00,0.00,0.00,0.00,0.00,0.00,0.00,0.00,0.00,0.00",,0.00,0.00,,
in chatwoot kb,,0,"0.00,0.00,0.00,0.00,0.00,0.00,0.00,0.00,0.00,0.00,0.00,0.00",,0.00,0.00,,
in chatwoot kb add video,,0,"0.00,0.00,0.00,0.00,0.00,0.00,0.00,0.00,0.00,0.00,0.00,0.00",,0.00,0.00,,
instalando chatwoot,,0,"0.00,0.00,0.00,0.00,0.00,0.00,0.00,0.00,0.00,0.00,0.00,0.00",,0.00,0.00,,
instalando chatwoot no easypanel,,0,"0.00,0.00,0.00,0.00,0.00,0.00,0.00,0.00,0.00,0.00,0.00,0.00",,0.00,0.00,,
instalar chatwoot,,0,"1.00,0.00,0.00,0.00,0.00,0.00,0.00",,0.00,0.00,,
install chatwoot on debian 11,,0,"1.00,0.00,0.00,0.00,0.00,0.00,0.00,0.00,0.00,0.00,0.00,0.00",,0.00,0.00,,
install chatwoot on debian 11 2025,,0,"1.00,0.00,0.00,0.00,0.00,0.00,0.00,0.00,0.00,0.00,0.00,0.00",,0.00,0.00,,
install chatwoot on ubuntu 20.04,,0,"1.00,0.00,0.00,0.00,0.00,0.00,0.00,0.00,0.00,0.00,0.00,0.00",,0.00,0.00,,
install chatwoot on vultr,,0,"0.00,0.00,0.00,0.00,0.00,0.00,0.00,0.00,0.00,0.00,0.00,0.00",,0.00,0.00,,
install chatwoot on whmcs,,0,"0.00,0.00,0.00,0.00,0.00,0.00,0.00,0.00,0.00,0.00,0.00,0.00",,0.00,0.00,,
knowledge base chatwoot,,0,"0.00,0.00,0.00,0.00,0.00,0.00,0.00,0.00,0.00,0.00,0.00,0.00",,0.00,0.00,,
knowledge base translation chatwoot,,0,"0.00,0.00,0.00,0.00,0.00,0.00,0.00,0.00,0.00,0.00,0.00,0.00",,0.00,0.00,,
kubernetes chatwoot,,0,"0.00,0.00,0.00,0.00,0.00,0.00,0.00,0.00,0.00,0.00,0.00,0.00",,0.00,0.00,,
landbot chatwoot integration,,0,0.00,,0.00,0.00,,
livechat widget langauge change chatwoot,,0,"0.00,0.00,0.00,0.00,0.00,0.00,0.00,0.00,0.00,0.00,0.00,0.00",,0.00,0.00,,
logo chatwoot,,0,"0.00,0.00,0.00,0.00,0.00,0.00,0.00,0.00,0.00",,0.00,0.00,,
macros chatwoot,,0,"0.00,0.00,0.00,0.00,0.00,0.00,0.00,0.00,0.00,0.00,0.00,0.00",,0.00,0.00,,
multiple sms channels independent chatwoot,,0,"0.00,0.00,0.00,0.00,0.00,0.00,0.00,0.00,0.00,0.00,0.00,0.00",,0.00,0.00,,
n8n chatwoot integration webhook,,0,"0.00,0.00",,0.00,0.00,,
n8n-nodes-chatwoot,,0,"1.00,0.00,0.00,0.00,0.00,0.00,0.00,0.00,0.00,0.00",,0.00,0.00,,
o que macros chatwoot,,0,"1.00,0.00,0.00,0.00,0.00,0.00,0.00,0.00,0.00,0.00,0.00,0.00",,0.00,0.00,,
o que é o chatwoot,,0,"0.00,0.00",,0.00,0.00,,
open source alternatives to chatwoot,,0,0.00,,0.00,0.00,,
open source crm native integration with chatwoot,,0,0.00,,0.00,0.00,,
popup messages for chatwoot,,0,"0.00,0.00,0.00,0.00,0.00,0.00,0.00,0.00,0.00,0.00,0.00,0.00",,0.00,0.00,,
powered by chatwoot,,0,"0.00,0.00,0.00,0.00,0.00,0.00,0.00,0.00,0.00,0.00,0.00,0.00",,0.00,0.00,,
restore chatwoot,,0,"0.00,0.00,0.00,0.00,0.00,0.00,0.00,0.00,0.00,0.00,0.00,0.00",,0.00,0.00,,
self host chatwoot,,0,"0.00,0.00,0.00,0.00,0.00,0.00,0.00,0.00,0.00,0.00,0.00,0.00",,0.00,0.05,,
sendingtk chatwoot,,0,"0.00,0.00,0.00,0.00,0.00,0.00,0.00,0.00,0.00,0.00,0.00",,0.00,0.33,,
sendingtk/chatwoot,,0,"0.00,0.00,1.00,0.00,0.00,0.00,0.00,0.00,0.00,0.00,0.00,0.00",,0.00,0.33,,
sendingtk/chatwoot:latest,,0,"0.00,0.00,0.00,0.00,0.00,0.00,0.00,0.00,0.00,0.00",,0.00,0.00,,
twenty crm chatwoot integration,,0,0.00,,0.00,0.00,,
typebot chatwoot integration,,0,"1.00,0.00,0.00",,0.00,0.00,,
uninstall chatwoot,,0,"0.00,0.00,0.00,0.00,0.00,0.00,0.00,0.00,0.00,0.00,0.00,0.00",,0.00,0.00,,
upgrade chatwoot herokuapp,,0,"0.00,0.00,0.00,0.00,0.00,0.00,0.00,0.00,0.00,0.00,0.00,0.00",,0.00,0.00,,
whatsapp chatwoot,,0,0.00,,0.00,0.00,,
when was chatwoot founded,,0,"0.00,0.00,0.00,0.00,0.00,0.00,0.00,0.00,0.00,0.00,0.00,0.00",,0.00,0.00,,
where is brand-assets/ file chatwoot,,0,"0.00,0.00,0.00,0.00,0.00,0.00,0.00,0.00,0.00,0.00,0.00,0.00",,0.00,0.00,,
which port on chatwoot working,,0,"0.00,0.00,0.00,0.00,0.00,0.00,0.00,0.00,0.00,0.00,0.00,0.00",,0.00,0.00,,
which port on chatwoot working for ssh,,0,"0.00,0.00,0.00,0.00,0.00,0.00,0.00,0.00,0.00,0.00,0.00,0.00",,0.00,0.00,,
which port on chatwoot working on sftp,,0,"0.00,0.00,0.00,0.00,0.00,0.00,0.00,0.00,0.00,0.00,0.00,0.00",,0.00,0.00,,
widget custom translate for chatwoot,,0,"0.00,0.00,0.00,0.00,0.00,0.00,0.00,0.00,0.00,0.00,0.00,0.00",,0.00,0.00,,
ცრეატე ცჰატბოტ ონ chatwoot,,0,"0.00,0.00,0.00,0.00,0.00,0.00,0.00,0.00,0.00,0.00,0.00,0.00",,0.00,0.00,,
